episode_id,processing_time,ged_value,ig_value,spike_detected,topk_neighbors_used
1,0.09280896186828613,0.08673933227707116,0.04490745553946998,False,1
2,0.03271794319152832,0.14618060780326136,0.06307457406490835,False,2
3,0.031167984008789062,0.13285249244590408,0.08687901707423631,False,3
4,0.0299379825592041,0.06852949286782983,0.0818700898752941,False,4
5,0.03032088279724121,0.201772634190576,0.07806033376040071,True,5
6,0.030385971069335938,0.1290847962933513,0.12128053482783205,True,6
7,0.031888723373413086,0.18618620264367064,0.08142325328293173,True,7
8,0.03171420097351074,0.1439415994569714,0.1190268138691642,True,8
9,0.03106999397277832,0.14717398151216016,0.08632100607942526,False,9
10,0.0336451530456543,0.03723855187346334,0.07821014744158203,False,10
11,0.030040264129638672,0.04297321594506053,0.1599999672372135,True,10
12,0.031032085418701172,0.04042516171078968,0.15999998511860586,True,10
13,0.031210899353027344,0.03236129564845423,0.16000000299999997,True,10
14,0.03094196319580078,0.04692409059169644,0.18000000299999996,True,10
15,0.03080606460571289,0.03665626530018611,0.17999998511860585,True,10
16,0.030324935913085938,0.04071891262004568,0.18000000299999996,True,10
17,0.03124403953552246,0.03248481590361631,0.19999996723721347,True,10
18,0.03148078918457031,0.04291593478255803,0.18000000299999996,True,10
19,0.0303952693939209,0.03585329327454348,0.1800000029999996,True,10
20,0.032305002212524414,0.029100945463336136,0.14000000299999993,True,10
21,0.03009510040283203,0.04247128387495293,0.12000000299999994,True,10
22,0.030607938766479492,0.04092492581768548,0.19999998511860584,True,10
23,0.031223058700561523,0.032398534098916146,0.16000000299999997,True,10
24,0.030749082565307617,0.04084491871921231,0.15999994935581724,True,10
25,0.031769752502441406,0.04126842363175709,0.18000000299999996,True,10
26,0.03142094612121582,0.03342066307906862,0.15999998511860586,True,10
27,0.02892589569091797,0.03560807999672413,0.18000000299999996,True,10
28,0.02861499786376953,0.044200057163600016,0.20000000299999995,True,10
29,0.028956890106201172,0.03928188441041598,0.18000000299999996,True,10
30,0.029233932495117188,0.033976806666291534,0.18000000299999996,True,10
31,0.028970003128051758,0.04434028088765849,0.1599999672372096,True,10
32,0.028347015380859375,0.04033035645676878,0.16000000300000017,True,10
33,0.028506040573120117,0.03431469098715685,0.18000000299999996,True,10
34,0.028124332427978516,0.04791051176805909,0.15999998511860586,True,10
35,0.02863788604736328,0.03967155997726651,0.16000000299999997,True,10
36,0.02842402458190918,0.037585627729056215,0.20000000299999995,True,10
37,0.029050111770629883,0.036536452468927394,0.1800000029999996,True,10
38,0.029177188873291016,0.04615869463651724,0.20000000299999995,True,10
39,0.028765201568603516,0.040148487422375256,0.17999998511860496,True,10
40,0.02976202964782715,0.03207038548719557,0.18000000299999996,True,10
41,0.029649019241333008,0.051080952515565436,0.13999996723721345,True,10
42,0.028928041458129883,0.05141518239518421,0.19999998511860584,True,10
43,0.029343843460083008,0.035293660171954226,0.1600000030000004,True,10
44,0.029319047927856445,0.051320401928078206,0.16000000299999997,True,10
45,0.02970600128173828,0.036742111885424124,0.17999994935581723,True,10
46,0.029089927673339844,0.03720760786718035,0.18000000299999996,True,10
47,0.030450820922851562,0.03183957412708725,0.20000000300000015,True,10
48,0.029235124588012695,0.036347145014052,0.17999996723721348,True,10
49,0.030197858810424805,0.035031764936232355,0.20000000299999995,True,10
50,0.03177380561828613,0.02772237516871571,0.16000000299999997,True,10
51,0.02850794792175293,0.049388225674520246,0.19999998511860584,True,10
52,0.028888940811157227,0.045042729793641975,0.15999998511860586,True,10
53,0.028613805770874023,0.03764159877530661,0.17999998511860585,True,10
54,0.028507232666015625,0.03956531237654544,0.15999998511860586,True,10
55,0.028431177139282227,0.043573942081160506,0.14000000299999993,True,10
56,0.028558015823364258,0.03984042774317102,0.18000000299999996,True,10
57,0.02924180030822754,0.03389147082952543,0.12000000299999994,True,10
58,0.02990579605102539,0.041246109690200795,0.20000000299999995,True,10
59,0.029897212982177734,0.03969672669694403,0.20000000299999926,True,10
60,0.030640125274658203,0.03273477827112222,0.17999996723721348,True,10
61,0.029137849807739258,0.05343261777775092,0.15999998511860586,True,10
62,0.029528141021728516,0.050409834006020435,0.17999998511860585,True,10
63,0.02942490577697754,0.033103926537762854,0.16000000299999997,True,10
64,0.02926325798034668,0.05036248432873288,0.14000000299999993,True,10
65,0.029117822647094727,0.03186443474260922,0.16000000300000017,True,10
66,0.0289609432220459,0.03832617019662442,0.15999998511860497,True,10
67,0.02890920639038086,0.028898862244695546,0.17999998511860585,True,10
68,0.02939295768737793,0.0355046976507231,0.16000003876278188,True,10
69,0.028400897979736328,0.028265184421977146,0.16000003876278188,True,10
70,0.02991008758544922,0.026439115633581957,0.2000000029999996,True,10
71,0.029201984405517578,0.04554084847874161,0.16000000299999997,True,10
72,0.028817176818847656,0.03897876041853291,0.15999998511860586,True,10
73,0.028026103973388672,0.03170207339370027,0.1599999672372135,True,10
74,0.028923988342285156,0.037639287725848465,0.15999998511860497,True,10
75,0.028940200805664062,0.03908415598947137,0.16000000299999997,True,10
76,0.029091835021972656,0.03748149299821931,0.15999998511860497,True,10
77,0.029871225357055664,0.031158036851794874,0.18000000299999996,True,10
78,0.03138303756713867,0.03883351556364019,0.15999998511860586,True,10
79,0.029556989669799805,0.031872128936141705,0.16000000299999997,True,10
80,0.03073287010192871,0.030431841964550944,0.16000000299999997,True,10
81,0.02863478660583496,0.042224040981557256,0.17999998511860585,True,10
82,0.02844691276550293,0.044122987951405054,0.16000000299999997,True,10
83,0.028753995895385742,0.03143996144232034,0.16000000299999997,True,10
84,0.028474092483520508,0.04166330372983719,0.17999996723721348,True,10
85,0.028257131576538086,0.03372171982871369,0.17999998511860496,True,10
86,0.028436899185180664,0.034405698723890064,0.19999996723721347,True,10
87,0.02886509895324707,0.03031377508992795,0.18000000299999996,True,10
88,0.029866933822631836,0.035656303783015764,0.17999996723721348,True,10
89,0.03151679039001465,0.03288203651892647,0.20000000299999995,True,10
90,0.03257179260253906,0.024392753686560225,0.17999998511860585,True,10
91,0.03223299980163574,0.04380727844901279,0.1800000029999996,True,10
92,0.034075021743774414,0.040919191948579195,0.18000000299999996,True,10
93,0.030064821243286133,0.033562375273148856,0.16000000299999997,True,10
94,0.02844691276550293,0.04091518270990055,0.13999996723721345,True,10
95,0.028203964233398438,0.044332524724702206,0.17999996723721348,True,10
96,0.02917790412902832,0.03298983671741841,0.19999998511860584,True,10
97,0.029093027114868164,0.03559713028801316,0.20000000300000015,True,10
98,0.03135824203491211,0.04393844259316024,0.18000000299999996,True,10
99,0.02908802032470703,0.04046124678522381,0.18000000299999996,True,10
100,0.03052806854248047,0.033296314431992984,0.16000000299999997,True,10
101,0.02910900115966797,0.12657379524742227,0.14000000299999993,True,10
102,0.028391122817993164,0.14494248600430498,0.1599999672372135,True,10
103,0.02832508087158203,0.11876101722024755,0.20000000299999995,True,10
104,0.028940916061401367,0.1474202044998532,0.17999998511860585,True,10
105,0.028767108917236328,0.09492468321284851,0.18000000299999996,True,10
106,0.02912425994873047,0.10588130064774741,0.18000000299999927,True,10
107,0.029417037963867188,0.06798619290440569,0.20000003876278186,True,10
108,0.030192852020263672,0.06817951709976454,0.18000000299999996,True,10
109,0.028252840042114258,0.05777306335271541,0.18000000299999996,True,10
110,0.030928850173950195,0.02822591039247253,0.16000000299999997,True,10
111,0.028373003005981445,0.051407262204525274,0.15999998511860586,True,10
112,0.02897191047668457,0.04693290972986432,0.09999998511860496,False,10
113,0.027904033660888672,0.03381692125949391,0.18000000299999996,True,10
114,0.028603315353393555,0.045803728138868724,0.19999996723721347,True,10
115,0.02860093116760254,0.046765520308485325,0.18000000299999996,True,10
116,0.029300212860107422,0.05190737046845637,0.20000000299999995,True,10
117,0.02887129783630371,0.038879469366907046,0.19999996723721347,True,10
118,0.029185056686401367,0.05168074114464729,0.19999998511860584,True,10
119,0.028548717498779297,0.03823232754516592,0.17999998511860585,True,10
120,0.030281782150268555,0.03400309336108932,0.11999996723721344,True,10
121,0.028150081634521484,0.050424820980787176,0.15999998511860497,True,10
122,0.028616905212402344,0.05267228045842074,0.20000000299999995,True,10
123,0.02879619598388672,0.03536422859698903,0.1600000029999996,True,10
124,0.029963016510009766,0.04101775507093454,0.16000000300000017,True,10
125,0.030627012252807617,0.051331748134289125,0.18000000299999996,True,10
126,0.02997589111328125,0.047189039145979696,0.18000000299999996,True,10
127,0.029853105545043945,0.040196245874408745,0.18000000299999996,True,10
128,0.030297040939331055,0.04924178329278499,0.14000000299999993,True,10
129,0.028987884521484375,0.0400111686330701,0.17999996723721348,True,10
130,0.02970099449157715,0.03623063711234367,0.16000000299999997,True,10
131,0.02863621711730957,0.05598766753084988,0.16000000299999997,True,10
132,0.028930187225341797,0.052385582004917865,0.1600000030000004,True,10
133,0.02944803237915039,0.03934835851810305,0.20000000299999995,True,10
134,0.02829599380493164,0.047423624377769424,0.1600000030000004,True,10
135,0.029237031936645508,0.052363118875714786,0.18000000300000038,True,10
136,0.028630971908569336,0.05153274779966756,0.18000000299999996,True,10
137,0.029265880584716797,0.046285282902483106,0.20000000299999995,True,10
138,0.029951095581054688,0.05690522894177121,0.17999998511860585,True,10
139,0.028948068618774414,0.044213395354171195,0.18000000299999996,True,10
140,0.02965521812438965,0.03914474380248552,0.16000000299999997,True,10
141,0.029633045196533203,0.06289796497280752,0.13999996723721345,True,10
142,0.029175758361816406,0.06897417905129921,0.20000000299999995,True,10
143,0.02978372573852539,0.03774150421042265,0.17999998511860585,True,10
144,0.030700206756591797,0.0618072163362241,0.18000000299999996,True,10
145,0.031080007553100586,0.04540205645899591,0.2000000029999996,True,10
146,0.030553817749023438,0.05304544764705664,0.20000000299999995,True,10
147,0.030982017517089844,0.03441079041093444,0.17999996723721348,True,10
148,0.029944896697998047,0.03871491195396827,0.16000000299999997,True,10
149,0.029894113540649414,0.033698793134679515,0.19999998511860584,True,10
150,0.03169512748718262,0.026711155520681706,0.18000000299999996,True,10
151,0.029494047164916992,0.05959467185648883,0.12000000299999958,True,10
152,0.029705286026000977,0.048200181189709757,0.18000000299999996,True,10
153,0.029070138931274414,0.03456271052216664,0.18000000299999996,True,10
154,0.029482126235961914,0.040284615674632415,0.14000000299999993,True,10
155,0.028908967971801758,0.04953256252238318,0.20000000299999995,True,10
156,0.030086040496826172,0.054591697185300755,0.18000000299999996,True,10
157,0.029881954193115234,0.03790297742222188,0.18000000299999996,True,10
158,0.029432058334350586,0.04697636696810046,0.20000000299999995,True,10
159,0.029673099517822266,0.03831301382045236,0.17999996723721348,True,10
160,0.03153204917907715,0.03170619656712109,0.13999998511860492,True,10
161,0.03203296661376953,0.06233111304361403,0.12000000299999994,True,10
162,0.030252695083618164,0.05504153896735201,0.14000000299999993,True,10
163,0.0305941104888916,0.03852249571225098,0.16000000299999997,True,10
164,0.02915191650390625,0.05090970322801398,0.16000000299999997,True,10
165,0.02987194061279297,0.04847661584476419,0.1800000029999996,True,10
166,0.028654098510742188,0.04924325370319406,0.19999998511860584,True,10
167,0.029896020889282227,0.04009307756945514,0.18000000299999996,True,10
168,0.02904820442199707,0.04878054031173411,0.20000000299999995,True,10
169,0.029069900512695312,0.03765629366724772,0.15999998511860497,True,10
170,0.029504060745239258,0.03454868376723945,0.15999998511860586,True,10
171,0.03014683723449707,0.06010278412323006,0.15999998511860586,True,10
172,0.028676986694335938,0.06142835311996479,0.17999996723721348,True,10
173,0.028641939163208008,0.03670851096450557,0.16000000299999997,True,10
174,0.029414892196655273,0.05325457822694518,0.17999998511860585,True,10
175,0.029679059982299805,0.04055705113690795,0.15999998511860586,True,10
176,0.02914285659790039,0.07236776163863273,0.20000000299999995,True,10
177,0.029808759689331055,0.03307602976313403,0.19999996723721347,True,10
178,0.029944181442260742,0.03579649812189885,0.19999998511860584,True,10
179,0.02867293357849121,0.025982065511261403,0.18000000299999996,True,10
180,0.031835079193115234,0.021360955198706764,0.1799999672372096,True,10
181,0.02867603302001953,0.057720065358035776,0.16000003876278188,True,10
182,0.030710935592651367,0.05157087452259616,0.14000000299999993,True,10
183,0.031823158264160156,0.03352340718469123,0.14000000299999993,True,10
184,0.02936410903930664,0.040396381632047694,0.18000000299999996,True,10
185,0.029168128967285156,0.044149127425496475,0.18000000300000016,True,10
186,0.028827905654907227,0.04378750334051061,0.15999998511860586,True,10
187,0.02936387062072754,0.03311209033554551,0.18000000299999996,True,10
188,0.029375076293945312,0.04332913075060947,0.20000000299999995,True,10
189,0.029115915298461914,0.0367967396808405,0.17999998511860585,True,10
190,0.029928922653198242,0.025841336145535642,0.18000000299999996,True,10
191,0.029135942459106445,0.05283064229060554,0.18000000299999996,True,10
192,0.028820037841796875,0.05123011665959047,0.17999998511860585,True,10
193,0.0290830135345459,0.03326206530825355,0.20000000299999995,True,10
194,0.029047012329101562,0.04393486783058855,0.15999998511860497,True,10
195,0.028750896453857422,0.048818662612371236,0.20000000300000015,True,10
196,0.029299020767211914,0.04549237659196209,0.18000000299999996,True,10
197,0.030900001525878906,0.03530835172019229,0.1599999672372135,True,10
198,0.029417037963867188,0.04461286523255946,0.17999998511860496,True,10
199,0.028831005096435547,0.036795042106126975,0.16000000299999928,True,10
200,0.03007674217224121,0.03073837340691619,0.13999998511860492,True,10
201,0.029654979705810547,0.10662919568726079,0.1800000029999996,True,10
202,0.029819965362548828,0.12557838410488958,0.16000000299999997,True,10
203,0.02929520606994629,0.1003094305711504,0.18000000299999996,True,10
204,0.029946088790893555,0.13610152278982593,0.18000000299999996,True,10
205,0.029695987701416016,0.1104705219664138,0.19999998511860584,True,10
206,0.029926061630249023,0.1123444872309975,0.19999998511860584,True,10
207,0.030490875244140625,0.09410148215341292,0.19999998511860584,True,10
208,0.029803037643432617,0.07395094961571073,0.16000000299999997,True,10
209,0.02961111068725586,0.05396895893351759,0.1399999851186058,True,10
210,0.03198599815368652,0.023596757060583024,0.14000003876278183,True,10
211,0.029711008071899414,0.02275876748239177,0.16000000300000017,True,10
212,0.029432058334350586,0.026231523408917167,0.15999998511860586,True,10
213,0.02885293960571289,0.02795575541209125,0.18000000299999996,True,10
214,0.02933502197265625,0.04023639168596998,0.20000000299999995,True,10
215,0.02992725372314453,0.03304805070988552,0.16000000299999997,True,10
216,0.029211759567260742,0.04365273195747688,0.16000000299999997,True,10
217,0.030299901962280273,0.031011208829008013,0.17999996723721348,True,10
218,0.02974104881286621,0.03845425967259548,0.1800000208813945,True,10
219,0.029072999954223633,0.024482753268527162,0.20000000299999995,True,10
220,0.031115055084228516,0.02929443643965935,0.17999996723721348,True,10
221,0.02952408790588379,0.021776838365436653,0.13999996723721345,True,10
222,0.029467105865478516,0.0317498673881381,0.15999998511860586,True,10
223,0.028829097747802734,0.025044835777837893,0.16000000300000017,True,10
224,0.029547929763793945,0.0329296956601401,0.16000003876278188,True,10
225,0.029397010803222656,0.035601327656898565,0.15999998511860586,True,10
226,0.030095815658569336,0.0369885881607304,0.14000000299999993,True,10
227,0.029780864715576172,0.03250799300145415,0.17999998511860496,True,10
228,0.030840158462524414,0.03716488496908422,0.1399999851186058,True,10
229,0.029262065887451172,0.02600456859788377,0.16000000299999997,True,10
230,0.0312650203704834,0.030616769624641094,0.12000000299999994,True,10
231,0.03064107894897461,0.024121524043363915,0.19999996723721347,True,10
232,0.030504941940307617,0.02664078735247788,0.20000000299999995,True,10
233,0.029542207717895508,0.025821080180563234,0.14000000299999993,True,10
234,0.03013777732849121,0.038800032600078985,0.15999998511860586,True,10
235,0.029837846755981445,0.034963117433198306,0.18000003876278187,True,10
236,0.030135154724121094,0.04211555487802487,0.15999998511860586,True,10
237,0.030108213424682617,0.037187549883560996,0.20000000299999995,True,10
238,0.029888153076171875,0.043339955397617216,0.20000000299999995,True,10
239,0.029714107513427734,0.029812304523036993,0.17999996723721348,True,10
240,0.03171706199645996,0.031398660162580125,0.1399999851186058,True,10
241,0.030402660369873047,0.02984227841255401,0.17999996723721348,True,10
242,0.030566930770874023,0.04150054234645599,0.14000000299999993,True,10
243,0.0306851863861084,0.03439564894393733,0.16000000299999997,True,10
244,0.030936002731323242,0.05242461549547389,0.20000000299999995,True,10
245,0.02987504005432129,0.034417495703921164,0.18000000300000016,True,10
246,0.030823945999145508,0.04365635500029988,0.18000000299999996,True,10
247,0.03178286552429199,0.03310604190379726,0.17999998511860496,True,10
248,0.030803203582763672,0.03193502203823746,0.16000000299999997,True,10
249,0.030549049377441406,0.02419488561981792,0.18000000299999927,True,10
250,0.03360104560852051,0.023712343177814683,0.16000000299999997,True,10
251,0.029851913452148438,0.022867176844826927,0.14000000299999993,True,10
252,0.02966594696044922,0.031916990602848624,0.18000000299999996,True,10
253,0.029302120208740234,0.028362784063276136,0.15999998511860497,True,10
254,0.029817819595336914,0.0330130332481213,0.16000000299999997,True,10
255,0.030398130416870117,0.040866729403462906,0.15999998511860586,True,10
256,0.029741764068603516,0.04423433888994201,0.16000003876278188,True,10
257,0.030624866485595703,0.032271196748811286,0.18000000299999996,True,10
258,0.0317540168762207,0.03315628030569154,0.19999996723721347,True,10
259,0.03063201904296875,0.024889436522894624,0.18000000299999996,True,10
260,0.033202171325683594,0.026092607664602474,0.15999998511860586,True,10
261,0.029798269271850586,0.029204727147545972,0.16000000299999997,True,10
262,0.029593944549560547,0.03372073483657456,0.14000000299999993,True,10
263,0.02960991859436035,0.030461691482889137,0.13999996723721345,True,10
264,0.029761791229248047,0.04231492083124279,0.19999996723721347,True,10
265,0.030128955841064453,0.03542810097204402,0.17999998511860585,True,10
266,0.03020787239074707,0.04506777469175709,0.20000000300000037,True,10
267,0.031038761138916016,0.033201901394835906,0.17999998511860496,True,10
268,0.03057718276977539,0.039610152708371156,0.1399999493558172,True,10
269,0.029083967208862305,0.026677326884145047,0.18000000299999996,True,10
270,0.0315399169921875,0.02878207933032334,0.1600000029999996,True,10
271,0.03138303756713867,0.03065911661908317,0.17999998511860585,True,10
272,0.03139996528625488,0.04100008860440603,0.17999996723721348,True,10
273,0.030912160873413086,0.03455120593543496,0.19999998511860495,True,10
274,0.030870676040649414,0.051143021683347,0.19999998511860495,True,10
275,0.030643939971923828,0.04039063140941972,0.17999996723721348,True,10
276,0.030768871307373047,0.054482452018525994,0.15999998511860586,True,10
277,0.03059697151184082,0.03743446441222601,0.16000000299999997,True,10
278,0.030971288681030273,0.038180691133624114,0.19999996723721347,True,10
279,0.030501127243041992,0.025410624399990957,0.20000000299999995,True,10
280,0.03327298164367676,0.030660938515097286,0.15999998511860497,True,10
281,0.030939102172851562,0.028373157297879963,0.17999996723721348,True,10
282,0.030676841735839844,0.036749465590761796,0.16000000299999997,True,10
283,0.029589176177978516,0.03139687966270624,0.20000000299999995,True,10
284,0.030508756637573242,0.03914242560801312,0.1599999672372135,True,10
285,0.03008580207824707,0.035349753175639216,0.1600000029999996,True,10
286,0.029915809631347656,0.043940427678459834,0.18000000299999996,True,10
287,0.03102707862854004,0.032897284161733584,0.16000000299999997,True,10
288,0.030141830444335938,0.03819064134160012,0.19999998511860495,True,10
289,0.02942514419555664,0.02628890546317375,0.15999998511860586,True,10
290,0.0317080020904541,0.02472337871209735,0.19999996723721347,True,10
291,0.031136035919189453,0.024377935677963425,0.16000000299999997,True,10
292,0.030498981475830078,0.03218635056701998,0.1599999672372135,True,10
293,0.02969074249267578,0.02656043129023646,0.18000000299999996,True,10
294,0.030095815658569336,0.039180885566527456,0.18000000299999996,True,10
295,0.03012704849243164,0.039739332776132105,0.18000000300000038,True,10
296,0.029783964157104492,0.04046675162025432,0.15999998511860497,True,10
297,0.030768871307373047,0.03549996374622354,0.18000000299999996,True,10
298,0.031031131744384766,0.038037925399001235,0.18000000299999996,True,10
299,0.02953481674194336,0.02844410777274923,0.16000000299999997,True,10
300,0.03261089324951172,0.029898516552496934,0.12000000299999994,True,10
301,0.03088212013244629,0.06385397916037112,0.1599999672372135,True,10
302,0.031180858612060547,0.11456938953037446,0.16000000299999997,True,10
303,0.030087947845458984,0.11028640468311676,0.16000000299999997,True,10
304,0.029881954193115234,0.13861892573605128,0.18000000299999996,True,10
305,0.03102707862854004,0.09852652901873249,0.18000000299999996,True,10
306,0.030670166015625,0.09782510880113067,0.17999996723721348,True,10
307,0.03118896484375,0.06793631710713928,0.15999998511860497,True,10
308,0.03145599365234375,0.06743043270884033,0.17999998511860585,True,10
309,0.02954888343811035,0.06285480841282232,0.17999998511860496,True,10
310,0.03177809715270996,0.029691191087910223,0.16000000299999997,True,10
311,0.03008723258972168,0.04761962134408452,0.18000000299999996,True,10
312,0.03015613555908203,0.04201412146413934,0.13999996723721345,True,10
313,0.030436992645263672,0.03048284759227644,0.16000000299999997,True,10
314,0.03256487846374512,0.04569597689528932,0.20000000299999995,True,10
315,0.03313493728637695,0.04146423680612825,0.17999994935581723,True,10
316,0.02997303009033203,0.051948700971374016,0.13999996723721345,True,10
317,0.030274152755737305,0.03736117458806576,0.1599999672372135,True,10
318,0.03031301498413086,0.046535538043023766,0.20000000299999995,True,10
319,0.03036785125732422,0.03466400522234887,0.18000000299999996,True,10
320,0.03064894676208496,0.03100939400315946,0.15999998511860497,True,10
321,0.029492855072021484,0.04830523647521836,0.14000000299999993,True,10
322,0.03022313117980957,0.04896871409056676,0.13999996723721345,True,10
323,0.029722929000854492,0.03028689455949382,0.1599999672372135,True,10
324,0.030656814575195312,0.04030173183088373,0.13999998511860492,True,10
325,0.029452085494995117,0.04796979908328782,0.18000000299999996,True,10
326,0.029436111450195312,0.04548268099212531,0.13999998511860492,True,10
327,0.030948162078857422,0.0416491862947408,0.18000000299999996,True,10
328,0.03015589714050293,0.04882467608010972,0.20000000299999995,True,10
329,0.03040003776550293,0.03978095459353645,0.16000000299999997,True,10
330,0.03211092948913574,0.03703672548389931,0.18000003876278187,True,10
331,0.030450105667114258,0.05233982082510399,0.1600000029999996,True,10
332,0.029818058013916016,0.04709527663338927,0.16000000299999997,True,10
333,0.029661178588867188,0.03427053890674024,0.18000003876278187,True,10
334,0.029963970184326172,0.04887186772017532,0.15999998511860497,True,10
335,0.029917240142822266,0.04667715508771268,0.20000000299999926,True,10
336,0.029625654220581055,0.049771565645522375,0.20000000299999995,True,10
337,0.030178070068359375,0.044837959376424694,0.17999996723721348,True,10
338,0.030622005462646484,0.05251278850720621,0.20000000300000037,True,10
339,0.03026580810546875,0.04170524687529682,0.1600000030000004,True,10
340,0.03095102310180664,0.03615789113546207,0.20000000299999995,True,10
341,0.030712127685546875,0.05986899297597632,0.15999998511860586,True,10
342,0.03100299835205078,0.059769033094706644,0.14000000300000034,True,10
343,0.030319929122924805,0.03432022572582786,0.13999996723721345,True,10
344,0.030432939529418945,0.057798837045825294,0.18000000299999996,True,10
345,0.03086709976196289,0.044977907199008536,0.19999998511860584,True,10
346,0.030837059020996094,0.05011265188803989,0.18000000300000038,True,10
347,0.03079986572265625,0.03759822042109693,0.1599999672372135,True,10
348,0.031129837036132812,0.041073589867261125,0.17999998511860585,True,10
349,0.02991795539855957,0.03499161272364448,0.17999998511860585,True,10
350,0.03174996376037598,0.030369251591004953,0.18000000299999996,True,10
351,0.029860734939575195,0.05504764637588052,0.1599999672372135,True,10
352,0.029413938522338867,0.04946381190862957,0.2000000029999996,True,10
353,0.029944181442260742,0.03512168158682509,0.16000000299999997,True,10
354,0.029720783233642578,0.039548319977103105,0.19999996723721347,True,10
355,0.029587268829345703,0.049725949338723915,0.16000000299999997,True,10
356,0.029787063598632812,0.05269010836432146,0.1599999672372135,True,10
357,0.02996969223022461,0.039589967013578684,0.11999998511860495,True,10
358,0.030669212341308594,0.04657583878083136,0.18000000299999996,True,10
359,0.030427932739257812,0.03830953072977998,0.20000000300000037,True,10
360,0.030259370803833008,0.032545312470449575,0.18000000299999996,True,10
361,0.029532909393310547,0.05953133744884738,0.11999998511860581,True,10
362,0.029977798461914062,0.049514584931902236,0.14000003876278183,True,10
363,0.02972698211669922,0.03190373822391583,0.16000000299999997,True,10
364,0.030577898025512695,0.05225868152065326,0.18000000299999996,True,10
365,0.02970099449157715,0.04089951865624529,0.17999998511860585,True,10
366,0.029532909393310547,0.04938648745996723,0.1800000208813945,True,10
367,0.030397891998291016,0.03379363651129339,0.19999996723720959,True,10
368,0.030066251754760742,0.04091960812365986,0.16000000299999997,True,10
369,0.02997612953186035,0.030380282945875837,0.1800000029999996,True,10
370,0.03128695487976074,0.029029967808978836,0.19999996723721347,True,10
371,0.03042888641357422,0.047681096913952434,0.16000000300000017,True,10
372,0.031200885772705078,0.04400477840495916,0.18000000299999996,True,10
373,0.02916693687438965,0.027168552295352207,0.18000000299999996,True,10
374,0.030426025390625,0.04045286460890514,0.16000000299999997,True,10
375,0.030668020248413086,0.04039450729697201,0.15999998511860586,True,10
376,0.030086040496826172,0.05237988777493624,0.20000000299999995,True,10
377,0.030521154403686523,0.03431088358624242,0.14000000299999993,True,10
378,0.030938148498535156,0.03954614244058115,0.18000000299999996,True,10
379,0.029743194580078125,0.02861894022583541,0.16000000299999997,True,10
380,0.032334089279174805,0.028287410016962316,0.20000000299999995,True,10
381,0.02955484390258789,0.045183364992219435,0.14000000299999993,True,10
382,0.030005931854248047,0.04393755033716031,0.18000000299999996,True,10
383,0.02998495101928711,0.029124658878672403,0.18000000299999996,True,10
384,0.029887914657592773,0.04058960256588651,0.17999998511860585,True,10
385,0.02948307991027832,0.0387309785283035,0.1800000029999996,True,10
386,0.03043985366821289,0.04358654003179903,0.1800000029999996,True,10
387,0.03050374984741211,0.03351731855045494,0.15999998511860586,True,10
388,0.030285120010375977,0.038873868559066195,0.18000000299999996,True,10
389,0.029742956161499023,0.03317941041364824,0.18000000299999996,True,10
390,0.03062295913696289,0.024929923567187078,0.16000000299999997,True,10
391,0.02998185157775879,0.04804597130162799,0.16000000299999997,True,10
392,0.030230045318603516,0.04651884811610564,0.19999996723721347,True,10
393,0.029806137084960938,0.029201577526460687,0.16000000300000017,True,10
394,0.0301361083984375,0.041756816441623615,0.19999998511860495,True,10
395,0.029890060424804688,0.04859784287899982,0.19999998511860584,True,10
396,0.03028082847595215,0.04280428392211364,0.1600000029999996,True,10
397,0.030883073806762695,0.040339245536505405,0.15999998511860586,True,10
398,0.0303342342376709,0.04589497712282444,0.19999998511860495,True,10
399,0.030824899673461914,0.038273107471963205,0.20000000299999995,True,10
400,0.03173708915710449,0.033751152357331934,0.18000000299999996,True,10
401,0.031018972396850586,0.11523798381660724,0.11999998511860581,True,10
402,0.03038811683654785,0.10948715812407957,0.17999996723721348,True,10
403,0.030295133590698242,0.08858236645428584,0.20000000299999995,True,10
404,0.03118109703063965,0.11368930499147764,0.19999998511860495,True,10
405,0.030987024307250977,0.09234374597352886,0.17999998511860496,True,10
406,0.03032088279724121,0.10428068208467757,0.20000000299999995,True,10
407,0.031533002853393555,0.0661097525891545,0.15999998511860586,True,10
408,0.03217291831970215,0.060877916718477,0.19999998511860495,True,10
409,0.03131103515625,0.055201939341365525,0.20000000299999995,True,10
410,0.03291797637939453,0.028757911172492545,0.16000000299999997,True,10
411,0.030605792999267578,0.04417549354510091,0.16000000299999997,True,10
412,0.031598806381225586,0.03459374605300037,0.16000000299999997,True,10
413,0.03014397621154785,0.02798383044250668,0.12000000300000034,True,10
414,0.029933929443359375,0.04325324723725679,0.15999998511860586,True,10
415,0.030661821365356445,0.03883059434659414,0.15999998511860586,True,10
416,0.029767990112304688,0.039924291708652034,0.17999996723721348,True,10
417,0.03121018409729004,0.03105938525342671,0.18000000299999996,True,10
418,0.031007051467895508,0.03619774536535532,0.18000000299999996,True,10
419,0.030612945556640625,0.02942624356696829,0.20000000299999995,True,10
420,0.03145790100097656,0.026780717222965423,0.18000000300000016,True,10
421,0.03025507926940918,0.048851158450115825,0.14000000299999993,True,10
422,0.03222918510437012,0.03987610142709341,0.16000000300000017,True,10
423,0.032746076583862305,0.029209464950142205,0.18000000299999996,True,10
424,0.030508995056152344,0.040630441118041746,0.1599999672372135,True,10
425,0.030198097229003906,0.04774080363240287,0.16000000299999997,True,10
426,0.030507802963256836,0.03876553373559016,0.15999998511860586,True,10
427,0.0310819149017334,0.037460607509687584,0.18000000299999996,True,10
428,0.03219008445739746,0.04167976572866888,0.18000000299999996,True,10
429,0.03155207633972168,0.03684212308086049,0.1599999672372135,True,10
430,0.032228946685791016,0.03518270481185867,0.19999996723721347,True,10
431,0.030375957489013672,0.049375996586992765,0.17999996723721348,True,10
432,0.029803991317749023,0.036737794669432076,0.17999998511860585,True,10
433,0.030562162399291992,0.031488580340510296,0.17999996723721348,True,10
434,0.030450820922851562,0.046851468600353066,0.17999998511860585,True,10
435,0.029931068420410156,0.04463218088153179,0.18000000299999996,True,10
436,0.030840158462524414,0.04095921102295456,0.16000000299999928,True,10
437,0.03045821189880371,0.036728956121579705,0.17999996723721348,True,10
438,0.031186819076538086,0.043549649987748074,0.14000000299999993,True,10
439,0.031085968017578125,0.03537086111396972,0.20000000299999995,True,10
440,0.0312800407409668,0.032780296345587864,0.14000000299999993,True,10
441,0.03186321258544922,0.06050705136875438,0.11999998511860581,True,10
442,0.030987024307250977,0.04908731573329893,0.18000000299999996,True,10
443,0.03107929229736328,0.03585750212719245,0.1599999672372135,True,10
444,0.03212285041809082,0.058802552612979155,0.18000000299999996,True,10
445,0.030716896057128906,0.04494967005913541,0.20000000299999995,True,10
446,0.030883073806762695,0.043803562047055995,0.20000003876278186,True,10
447,0.03162407875061035,0.03317876454233951,0.20000000299999995,True,10
448,0.030800342559814453,0.03567156099938663,0.18000000299999996,True,10
449,0.030538082122802734,0.03570789789715563,0.20000000299999995,True,10
450,0.033043861389160156,0.029090856340954784,0.18000000299999996,True,10
451,0.0297701358795166,0.056800163393758894,0.17999998511860585,True,10
452,0.030440807342529297,0.04864658092549717,0.18000000299999996,True,10
453,0.029771089553833008,0.03142865960237802,0.14000003876278183,True,10
454,0.030099153518676758,0.039601966569100665,0.16000000299999997,True,10
455,0.030441999435424805,0.04933941700809008,0.15999998511860586,True,10
456,0.029378890991210938,0.04552604196250813,0.17999996723721348,True,10
457,0.0307619571685791,0.03385025162984403,0.17999994935581723,True,10
458,0.0316462516784668,0.03611300165174473,0.20000000299999995,True,10
459,0.030510902404785156,0.03458008778039856,0.20000000299999995,True,10
460,0.03186202049255371,0.030850937879551794,0.18000000299999927,True,10
461,0.030068159103393555,0.05471333565921126,0.11999996723721344,True,10
462,0.031090974807739258,0.042294289192161647,0.16000000299999997,True,10
463,0.03062915802001953,0.03301273517183199,0.20000000299999995,True,10
464,0.029855966567993164,0.05177475872290057,0.20000000299999995,True,10
465,0.030233144760131836,0.038987811326989676,0.17999998511860585,True,10
466,0.030244827270507812,0.03811823672455112,0.16000000299999997,True,10
467,0.031059980392456055,0.029083363248105305,0.19999996723721347,True,10
468,0.031308889389038086,0.0335881474844716,0.18000000299999996,True,10
469,0.029994964599609375,0.028442011699346847,0.20000000300000037,True,10
470,0.03170204162597656,0.025841831791069265,0.13999996723721345,True,10
471,0.0313258171081543,0.05330260143995212,0.13999996723721345,True,10
472,0.029613018035888672,0.04258914849068621,0.19999998511860584,True,10
473,0.03063201904296875,0.026561414555683845,0.16000000299999997,True,10
474,0.03104996681213379,0.04103213224139466,0.1599999672372135,True,10
475,0.030987024307250977,0.03952164374547955,0.16000000299999997,True,10
476,0.030798673629760742,0.045212794927369154,0.19999996723721347,True,10
477,0.031242847442626953,0.028898558494033038,0.18000000300000016,True,10
478,0.03146696090698242,0.0300472353668169,0.16000000299999997,True,10
479,0.032167911529541016,0.02421195934103251,0.18000000299999996,True,10
480,0.032128095626831055,0.023640194576757218,0.1599999672372135,True,10
481,0.030392885208129883,0.044150512757258634,0.13999998511860492,True,10
482,0.03094029426574707,0.03255197998859085,0.16000000299999997,True,10
483,0.030356168746948242,0.026865862993899713,0.16000000299999997,True,10
484,0.030507802963256836,0.03618553388351674,0.18000000299999996,True,10
485,0.030543088912963867,0.03606908652063888,0.15999998511860497,True,10
486,0.030927181243896484,0.03215205786407421,0.17999998511860585,True,10
487,0.032463788986206055,0.029035600110228987,0.17999996723721348,True,10
488,0.031305789947509766,0.02932645958671476,0.18000000299999996,True,10
489,0.031394004821777344,0.02763733608610499,0.1599999672372135,True,10
490,0.033653974533081055,0.021257181960144027,0.15999998511860586,True,10
491,0.03203296661376953,0.049422216997174764,0.14000000299999993,True,10
492,0.03163480758666992,0.039449273615111455,0.18000000299999996,True,10
493,0.030900001525878906,0.028543224121175402,0.18000000299999996,True,10
494,0.03164386749267578,0.040925599190283234,0.15999998511860586,True,10
495,0.03126120567321777,0.046914858842176804,0.17999998511860496,True,10
496,0.030951976776123047,0.036915160460045206,0.20000000299999995,True,10
497,0.031256675720214844,0.03373430080110283,0.1600000029999996,True,10
498,0.03100895881652832,0.03932752087979269,0.1599999672372135,True,10
499,0.030505895614624023,0.03626706482432262,0.15999998511860586,True,10
500,0.03185319900512695,0.031055815889468145,0.1800000029999996,True,10
501,0.030037879943847656,0.11079617619028043,0.12000000299999994,True,10
502,0.030144929885864258,0.13693297129187032,0.15999998511860586,True,10
503,0.03175830841064453,0.10201190019119302,0.14000000299999993,True,10
504,0.030998945236206055,0.14776483165639576,0.18000000300000016,True,10
505,0.03073716163635254,0.08359705848950012,0.15999998511860497,True,10
506,0.031442880630493164,0.11015330159780694,0.2000000029999996,True,10
507,0.031514883041381836,0.08285389660775105,0.20000000299999995,True,10
508,0.03187680244445801,0.06515481906649556,0.17999998511860585,True,10
509,0.030770063400268555,0.05151653731638632,0.17999998511860496,True,10
510,0.03261709213256836,0.02378735405024018,0.15999998511860497,True,10
511,0.03095102310180664,0.03208651149908519,0.1600000029999996,True,10
512,0.029844999313354492,0.030948246896958898,0.15999998511860497,True,10
513,0.03174877166748047,0.02497578789541769,0.16000000299999997,True,10
514,0.031201839447021484,0.040128846182341874,0.16000000299999997,True,10
515,0.031177043914794922,0.03325790334140216,0.18000000299999996,True,10
516,0.031625986099243164,0.03528186089440445,0.17999996723721348,True,10
517,0.030079126358032227,0.026979803328334516,0.20000000299999995,True,10
518,0.03092813491821289,0.0312620301881437,0.20000000299999995,True,10
519,0.03101325035095215,0.02884456040462231,0.16000000299999997,True,10
520,0.03156089782714844,0.02280064249358488,0.16000000299999997,True,10
521,0.03010702133178711,0.03315560647150052,0.1599999672372135,True,10
522,0.030932903289794922,0.032242193416830225,0.18000000300000038,True,10
523,0.03061079978942871,0.0246999105992691,0.14000000299999993,True,10
524,0.030289888381958008,0.03205205061797711,0.17999998511860585,True,10
525,0.030031204223632812,0.03850625158877236,0.17999998511860585,True,10
526,0.030399084091186523,0.03206417964098831,0.1599999672372135,True,10
527,0.031301021575927734,0.02928095699726077,0.19999996723721347,True,10
528,0.030543088912963867,0.03148491674658488,0.17999998511860585,True,10
529,0.030550003051757812,0.03126132813439245,0.18000000299999996,True,10
530,0.03152203559875488,0.026221748575729696,0.14000000299999993,True,10
531,0.030086040496826172,0.03376099439467008,0.1600000030000004,True,10
532,0.030894994735717773,0.03290145168117889,0.18000000299999996,True,10
533,0.029935121536254883,0.0257782103572341,0.16000000299999928,True,10
534,0.030332088470458984,0.03907577450442726,0.15999994935581724,True,10
535,0.03078603744506836,0.03815532675465082,0.19999998511860584,True,10
536,0.03084087371826172,0.03575794052425139,0.18000000299999996,True,10
537,0.03196406364440918,0.032527887056706194,0.19999998511860495,True,10
538,0.03219318389892578,0.03545944501020628,0.16000000299999997,True,10
539,0.031538963317871094,0.03409238444061237,0.18000000299999996,True,10
540,0.0329282283782959,0.026394931491540635,0.15999998511860586,True,10
541,0.03192305564880371,0.040180997019971534,0.16000000299999997,True,10
542,0.03197216987609863,0.04120254476456963,0.16000000299999997,True,10
543,0.032531023025512695,0.02722194489334584,0.16000000299999997,True,10
544,0.03154802322387695,0.04361755252187577,0.18000000299999996,True,10
545,0.03262019157409668,0.036448580272654414,0.19999996723721347,True,10
546,0.03295087814331055,0.03470958167328651,0.20000000299999995,True,10
547,0.03240013122558594,0.02788128059422081,0.17999998511860496,True,10
548,0.033010005950927734,0.02807479027735365,0.14000000299999993,True,10
549,0.03174018859863281,0.030056347388889727,0.1599999672372135,True,10
550,0.034425973892211914,0.02432842008506065,0.12000000299999994,True,10
551,0.0314640998840332,0.03667173783856093,0.18000000299999996,True,10
552,0.030985116958618164,0.034025300837578085,0.18000000299999996,True,10
553,0.03217792510986328,0.027614954289493843,0.1599999672372135,True,10
554,0.032636165618896484,0.03233413533817249,0.16000000299999997,True,10
555,0.0317540168762207,0.03843271691375748,0.14000000299999993,True,10
556,0.03220510482788086,0.035252158160534515,0.17999996723721348,True,10
557,0.03167009353637695,0.028470101413229164,0.17999994935581723,True,10
558,0.032294273376464844,0.029629831501562853,0.20000000299999995,True,10
559,0.03381180763244629,0.03017477243358833,0.20000000299999995,True,10
560,0.032037973403930664,0.02504716633029051,0.14000000299999923,True,10
561,0.03189992904663086,0.03746338836711275,0.14000000299999993,True,10
562,0.03212308883666992,0.03826562298842362,0.14000000299999993,True,10
563,0.031443119049072266,0.025051645396052556,0.12000000299999958,True,10
564,0.0320897102355957,0.04231186938388816,0.1599999672372135,True,10
565,0.031381845474243164,0.03272794610714719,0.15999998511860497,True,10
566,0.03191685676574707,0.03428573792861396,0.14000000299999993,True,10
567,0.03257918357849121,0.026714742390806828,0.17999998511860585,True,10
568,0.03197908401489258,0.028186916598442035,0.19999998511860584,True,10
569,0.032035112380981445,0.025806922634497013,0.20000000299999995,True,10
570,0.03352808952331543,0.02187715083403267,0.14000000299999993,True,10
571,0.03226208686828613,0.03668467936676029,0.19999998511860584,True,10
572,0.032300710678100586,0.031053854343358545,0.16000000299999997,True,10
573,0.031414031982421875,0.023617213447059755,0.1600000029999996,True,10
574,0.03262829780578613,0.03375885588102462,0.17999998511860496,True,10
575,0.03267478942871094,0.030460957892981016,0.1399999851186058,True,10
576,0.03316307067871094,0.034821430676559524,0.16000000299999997,True,10
577,0.034503936767578125,0.023824196706147594,0.1599999672372135,True,10
578,0.033471107482910156,0.02467272925320476,0.20000000299999995,True,10
579,0.032742977142333984,0.02350681220932659,0.17999998511860585,True,10
580,0.03571009635925293,0.020597580253802004,0.16000000299999997,True,10
581,0.03426718711853027,0.03194386895821048,0.16000000299999997,True,10
582,0.03418421745300293,0.030500060991544137,0.20000000299999995,True,10
583,0.03391313552856445,0.024666911346661675,0.1599999672372096,True,10
584,0.031742095947265625,0.03237042483822294,0.17999998511860496,True,10
585,0.03250312805175781,0.0322323693661673,0.18000000299999996,True,10
586,0.03281688690185547,0.02932530159403813,0.14000000299999993,True,10
587,0.03290605545043945,0.026873487998249974,0.1399999851186058,True,10
588,0.03379511833190918,0.027506839759295142,0.18000000299999996,True,10
589,0.03289198875427246,0.027946253770294797,0.18000000299999996,True,10
590,0.0349431037902832,0.020431985225914325,0.14000000299999993,True,10
591,0.034147024154663086,0.032927804513932867,0.13999996723721345,True,10
592,0.03264617919921875,0.03123939096934546,0.1399999851186058,True,10
593,0.032655954360961914,0.024046416580157777,0.16000000299999997,True,10
594,0.032875776290893555,0.03307994255759889,0.17999998511860585,True,10
595,0.032566070556640625,0.037762144763604205,0.17999994935581723,True,10
596,0.032881975173950195,0.031058265289554986,0.14000000299999993,True,10
597,0.03284478187561035,0.028322194042852765,0.18000000299999996,True,10
598,0.0330653190612793,0.029472284803742366,0.15999998511860497,True,10
599,0.03290390968322754,0.030064482123385205,0.18000000299999996,True,10
600,0.033926963806152344,0.024359075402620285,0.14000000300000012,True,10
601,0.03278303146362305,0.11806220156089944,0.17999998511860585,True,10
602,0.033577919006347656,0.12956436965917842,0.18000000299999996,True,10
603,0.031071901321411133,0.09525844535756793,0.19999998511860584,True,10
604,0.03192138671875,0.1388356305676119,0.17999998511860585,True,10
605,0.031477928161621094,0.11443247460453757,0.17999998511860585,True,10
606,0.03129434585571289,0.11570944021727213,0.18000000299999996,True,10
607,0.03248000144958496,0.0811555631766905,0.16000000299999997,True,10
608,0.031161069869995117,0.07094194088550727,0.17999996723721348,True,10
609,0.030668973922729492,0.061811711540373404,0.16000000299999997,True,10
610,0.03411579132080078,0.025355568816141944,0.16000000300000017,True,10
611,0.03138017654418945,0.03967222424445942,0.19999994935581722,True,10
612,0.0315241813659668,0.03413553087441211,0.16000000299999997,True,10
613,0.030518054962158203,0.027972925926852278,0.16000000299999997,True,10
614,0.03062295913696289,0.04121565934877947,0.16000000299999997,True,10
615,0.03194594383239746,0.033714270858699075,0.17999998511860585,True,10
616,0.03038311004638672,0.040660294077839484,0.18000000299999996,True,10
617,0.03135323524475098,0.03170055064444956,0.17999994935581723,True,10
618,0.032572269439697266,0.039650923154301625,0.18000000299999996,True,10
619,0.032711029052734375,0.03003503150991394,0.18000000299999996,True,10
620,0.03387594223022461,0.023422211739665633,0.18000000299999996,True,10
621,0.03034377098083496,0.03684058777220975,0.12000000299999994,True,10
622,0.031213760375976562,0.036489823145878994,0.18000000299999996,True,10
623,0.03159189224243164,0.028079793286783162,0.14000000299999993,True,10
624,0.03042888641357422,0.035134974660424236,0.18000000299999927,True,10
625,0.03103470802307129,0.03752251520482219,0.19999998511860584,True,10
626,0.03156304359436035,0.03339123861717876,0.1599999672372135,True,10
627,0.03173685073852539,0.035572850649789794,0.16000003876278188,True,10
628,0.032464027404785156,0.04147975707485595,0.14000000299999993,True,10
629,0.030630826950073242,0.033686034383283346,0.15999994935581724,True,10
630,0.032073020935058594,0.02788699452495022,0.16000003876278188,True,10
631,0.031646013259887695,0.04040524967447994,0.16000000299999997,True,10
632,0.030764102935791016,0.03668820714525665,0.10000000299999995,True,10
633,0.031456947326660156,0.029738950902474404,0.19999996723721347,True,10
634,0.03171586990356445,0.04221258264520787,0.18000000299999996,True,10
635,0.030985355377197266,0.03689458652226331,0.16000000299999997,True,10
636,0.03249788284301758,0.03915972085254448,0.20000000299999995,True,10
637,0.03138303756713867,0.03752482922699054,0.15999998511860586,True,10
638,0.03161811828613281,0.043779641430741846,0.15999998511860497,True,10
639,0.03185892105102539,0.03541082061045546,0.20000000299999995,True,10
640,0.0315699577331543,0.027775644571941243,0.18000000299999996,True,10
641,0.03187394142150879,0.04487213422012971,0.16000000299999997,True,10
642,0.03337717056274414,0.03871824051999945,0.19999998511860584,True,10
643,0.031625986099243164,0.029497224107138946,0.14000000299999993,True,10
644,0.03248095512390137,0.0482542374675784,0.18000000299999996,True,10
645,0.03176403045654297,0.0322645062583222,0.2000000029999996,True,10
646,0.03230118751525879,0.036562429833393806,0.17999998511860585,True,10
647,0.03226184844970703,0.029345563325543767,0.16000000299999997,True,10
648,0.031803131103515625,0.030929647548337193,0.16000000299999997,True,10
649,0.03161025047302246,0.02771519592529863,0.14000000299999993,True,10
650,0.034223079681396484,0.021115823777054,0.16000000299999997,True,10
651,0.03200101852416992,0.03878539304244581,0.13999998511860492,True,10
652,0.03225994110107422,0.03742497230512452,0.16000000299999997,True,10
653,0.03120708465576172,0.0304455284384789,0.1600000030000004,True,10
654,0.03258490562438965,0.031905966672713955,0.14000000299999993,True,10
655,0.032937049865722656,0.037901793248262546,0.15999998511860586,True,10
656,0.03192591667175293,0.03655875279166036,0.16000000299999997,True,10
657,0.0325617790222168,0.03140099186572074,0.14000000299999993,True,10
658,0.03313922882080078,0.03673373325248712,0.17999998511860496,True,10
659,0.032158851623535156,0.03049467202956313,0.18000000299999996,True,10
660,0.03332877159118652,0.024769232789992233,0.20000000299999995,True,10
661,0.03118109703063965,0.044280095513047346,0.17999998511860496,True,10
662,0.03192901611328125,0.03440813465728092,0.1399999493558172,True,10
663,0.0326540470123291,0.02603388927276783,0.16000000299999997,True,10
664,0.03185892105102539,0.04274830540126797,0.18000000299999996,True,10
665,0.031767845153808594,0.029111030109466772,0.12000000299999994,True,10
666,0.032598018646240234,0.03619293570269158,0.18000000299999996,True,10
667,0.0324709415435791,0.026093397175128468,0.13999996723721345,True,10
668,0.03289794921875,0.030747056829153057,0.18000000299999996,True,10
669,0.03201699256896973,0.022630240737551304,0.18000000299999996,True,10
670,0.033151865005493164,0.020472529192674192,0.1599999672372135,True,10
671,0.031603097915649414,0.03653074633410665,0.14000000299999993,True,10
672,0.030642986297607422,0.03062664806361149,0.1599999672372135,True,10
673,0.03126096725463867,0.024148695675087015,0.14000000299999993,True,10
674,0.03196001052856445,0.03100170645570253,0.17999998511860585,True,10
675,0.031632184982299805,0.03268446136466969,0.1600000030000004,True,10
676,0.03234601020812988,0.034568371894096714,0.1399999851186058,True,10
677,0.03130507469177246,0.027301488664939366,0.14000000300000012,True,10
678,0.03173089027404785,0.032934319449399674,0.18000000299999996,True,10
679,0.0316011905670166,0.02417219981198681,0.18000003876278187,True,10
680,0.03296327590942383,0.02260115725481362,0.18000000299999996,True,10
681,0.03093409538269043,0.03303329730376497,0.14000000299999993,True,10
682,0.033016204833984375,0.030254350189987088,0.13999996723721345,True,10
683,0.031177043914794922,0.02473915753616978,0.14000000300000012,True,10
684,0.03184223175048828,0.03228047692213317,0.17999998511860496,True,10
685,0.030877351760864258,0.028387514564859585,0.18000000299999996,True,10
686,0.030823945999145508,0.031098490521482926,0.18000000299999996,True,10
687,0.03268575668334961,0.02846983887707797,0.1399999851186058,True,10
688,0.032998085021972656,0.031450407277868055,0.19999998511860495,True,10
689,0.03288412094116211,0.025416982797096012,0.15999998511860586,True,10
690,0.034584999084472656,0.018963618202626494,0.13999996723721345,True,10
691,0.032552242279052734,0.036837094915073726,0.1399999851186058,True,10
692,0.033601999282836914,0.03399605420542225,0.15999998511860586,True,10
693,0.03198719024658203,0.027528053414625903,0.14000000299999993,True,10
694,0.03269195556640625,0.034511407520727816,0.11999996723721344,True,10
695,0.0330810546875,0.039073538921299944,0.16000000299999997,True,10
696,0.03313398361206055,0.03160956911954812,0.16000000299999997,True,10
697,0.03525567054748535,0.034304177832373925,0.20000000299999995,True,10
698,0.0345768928527832,0.03985066166967046,0.16000000299999997,True,10
699,0.03361201286315918,0.03263297177243267,0.1800000029999996,True,10
700,0.1116187572479248,0.02672667882992637,0.20000000299999995,True,10
701,0.05072212219238281,0.13300482592991725,0.16000000299999997,True,10
702,0.03415083885192871,0.15638617270420574,0.18000000300000016,True,10
703,0.034964799880981445,0.10622492498305794,0.18000000299999996,True,10
704,0.03542017936706543,0.1456157746401936,0.20000000299999995,True,10
705,0.0365450382232666,0.09425017865318117,0.20000000299999995,True,10
706,0.03536415100097656,0.1272766051438812,0.20000000300000015,True,10
707,0.036080121994018555,0.08731118818067062,0.20000000299999995,True,10
708,0.035562992095947266,0.07417100652460296,0.20000000300000015,True,10
709,0.033357858657836914,0.06318543066788389,0.1800000029999996,True,10
710,0.03587627410888672,0.024814480133491516,0.17999996723721348,True,10
711,0.03409123420715332,0.03778361610318393,0.16000000299999997,True,10
712,0.033796072006225586,0.03856798666788139,0.16000000299999997,True,10
713,0.03417086601257324,0.02799777992925142,0.15999998511860586,True,10
714,0.03459477424621582,0.039993187951192596,0.1600000029999996,True,10
715,0.03345203399658203,0.037690424568069925,0.18000000299999996,True,10
716,0.03478097915649414,0.04603171997499463,0.18000000299999996,True,10
717,0.03298497200012207,0.035571163452793084,0.18000000299999996,True,10
718,0.032523155212402344,0.043358888170007916,0.20000002088139449,True,10
719,0.03213906288146973,0.03499472175377588,0.16000000299999997,True,10
720,0.03188681602478027,0.026241042259956732,0.16000000299999997,True,10
721,0.03190898895263672,0.0372434488807354,0.17999996723721348,True,10
722,0.03200793266296387,0.038541192266484246,0.15999998511860586,True,10
723,0.03185296058654785,0.027049450235993994,0.18000003876278187,True,10
724,0.032631635665893555,0.03389181327315278,0.18000000299999996,True,10
725,0.03135991096496582,0.0381491139175484,0.14000000299999993,True,10
726,0.030855178833007812,0.03727644641908483,0.1599999672372135,True,10
727,0.032019853591918945,0.03373620133415019,0.16000000299999997,True,10
728,0.03142404556274414,0.03883773519485373,0.17999998511860585,True,10
729,0.03146791458129883,0.03273205287055185,0.18000000299999996,True,10
730,0.03372788429260254,0.027232482170842127,0.17999996723721348,True,10
731,0.034867048263549805,0.038003676551963406,0.14000000299999993,True,10
732,0.0360257625579834,0.03823151228208253,0.16000000299999997,True,10
733,0.035735130310058594,0.028628265505843447,0.18000000299999996,True,10
734,0.03070688247680664,0.03945232872467712,0.1599999672372135,True,10
735,0.03194594383239746,0.039806147209750335,0.14000000299999993,True,10
736,0.03078484535217285,0.04304860470785765,0.18000000299999996,True,10
737,0.03176069259643555,0.039200732817466256,0.18000000299999996,True,10
738,0.032199859619140625,0.04614539662113957,0.20000000299999995,True,10
739,0.03174710273742676,0.037865516712442183,0.17999998511860585,True,10
740,0.03251481056213379,0.029252860158635225,0.14000000299999993,True,10
741,0.03142499923706055,0.04260145424211524,0.12000000299999994,True,10
742,0.03185105323791504,0.051413067270088916,0.1799999672372174,True,10
743,0.033059120178222656,0.028919539336737715,0.20000000299999995,True,10
744,0.03215432167053223,0.050339169010674124,0.1599999672372135,True,10
745,0.032378196716308594,0.03255253787010853,0.18000000299999996,True,10
746,0.032824039459228516,0.04296411891023226,0.17999996723721348,True,10
747,0.03223776817321777,0.027118587987760612,0.18000000299999996,True,10
748,0.03315091133117676,0.030253213815249015,0.16000000299999997,True,10
749,0.030827045440673828,0.027390652963847496,0.17999996723721348,True,10
750,0.033946990966796875,0.02049954282005173,0.18000000299999996,True,10
751,0.03154182434082031,0.04172598109760535,0.18000000299999996,True,10
752,0.031074047088623047,0.036492698261343416,0.20000000299999995,True,10
753,0.031225204467773438,0.02576693855474796,0.18000000300000016,True,10
754,0.032205820083618164,0.031612492399862455,0.14000000299999993,True,10
755,0.0313107967376709,0.03654636003356573,0.17999998511860585,True,10
756,0.03194713592529297,0.041609839245722785,0.19999996723721347,True,10
757,0.031481027603149414,0.030465975802976088,0.19999998511860495,True,10
758,0.031764984130859375,0.03539315901522087,0.18000000300000016,True,10
759,0.031867027282714844,0.030085313008036622,0.16000000299999997,True,10
760,0.032035112380981445,0.023699124518943744,0.20000000299999995,True,10
761,0.031630754470825195,0.041746171241851746,0.1399999851186058,True,10
762,0.032109975814819336,0.045339828713856244,0.15999998511860586,True,10
763,0.031809091567993164,0.030116329635836797,0.16000000299999997,True,10
764,0.03194689750671387,0.04361742995364905,0.16000003876278188,True,10
765,0.03019118309020996,0.03415382821860699,0.18000000299999996,True,10
766,0.031501054763793945,0.0415956031038083,0.18000000299999996,True,10
767,0.032302141189575195,0.031081355948692112,0.17999998511860585,True,10
768,0.03237295150756836,0.03676928100092742,0.20000000300000037,True,10
769,0.032562255859375,0.029440145723248788,0.20000000299999995,True,10
770,0.033833980560302734,0.025184354396148134,0.14000000300000034,True,10
771,0.033046722412109375,0.04459988036893224,0.16000000299999997,True,10
772,0.033448219299316406,0.04895721957703658,0.18000000299999996,True,10
773,0.0324399471282959,0.02471151883246332,0.14000000299999993,True,10
774,0.03191399574279785,0.039823970265349146,0.18000000299999996,True,10
775,0.033329010009765625,0.03359864082798037,0.12000000299999994,True,10
776,0.03188610076904297,0.05501239498094879,0.18000000300000038,True,10
777,0.03307795524597168,0.02600742321526407,0.1600000029999996,True,10
778,0.03345298767089844,0.028680585166799683,0.17999996723721348,True,10
779,0.03260493278503418,0.02305171050224293,0.13999996723721345,True,10
780,0.0357661247253418,0.01860508364727706,0.1800000029999996,True,10
781,0.030778169631958008,0.039483208332417766,0.10000000300000016,True,10
782,0.03172898292541504,0.04285587651876051,0.20000000299999995,True,10
783,0.032412052154541016,0.0273506228954231,0.14000000299999993,True,10
784,0.03143310546875,0.0353283844270678,0.17999996723721348,True,10
785,0.03173398971557617,0.03373921309206723,0.18000000299999996,True,10
786,0.03310894966125488,0.03754310292856091,0.17999996723721348,True,10
787,0.03244805335998535,0.029407655618460416,0.15999998511860586,True,10
788,0.03278398513793945,0.034067946902294435,0.19999998511860584,True,10
789,0.03145027160644531,0.03114091989540595,0.18000000300000038,True,10
790,0.032800912857055664,0.020400070094531125,0.16000000299999997,True,10
791,0.032202959060668945,0.03687537564570138,0.16000000299999997,True,10
792,0.03138017654418945,0.038637840947018255,0.18000000299999996,True,10
793,0.03209972381591797,0.02721481954883336,0.17999996723721348,True,10
794,0.03308606147766113,0.03667219949604208,0.17999998511860585,True,10
795,0.03220415115356445,0.03799482379335452,0.18000000299999996,True,10
796,0.03196430206298828,0.03511318779586833,0.18000000299999996,True,10
797,0.032079219818115234,0.03167711280314791,0.16000000299999997,True,10
798,0.032617807388305664,0.036329369193526063,0.15999998511860497,True,10
799,0.032517194747924805,0.03183549940665993,0.20000000299999995,True,10
800,0.03290390968322754,0.024379820736536103,0.16000000299999997,True,10
801,0.03417015075683594,0.1285070904339169,0.17999998511860496,True,10
802,0.03414201736450195,0.12382888632700711,0.16000000299999997,True,10
803,0.033209800720214844,0.06386851077766796,0.18000003876278187,True,10
804,0.03452587127685547,0.11885812313785149,0.15999998511860497,True,10
805,0.033206939697265625,0.0987617314146798,0.19999998511860495,True,10
806,0.03458213806152344,0.07735090673089229,0.19999998511860584,True,10
807,0.03597307205200195,0.06539298615161322,0.18000000299999927,True,10
808,0.034561872482299805,0.06707275622266182,0.20000000299999995,True,10
809,0.03390002250671387,0.050209089360387996,0.17999996723721348,True,10
810,0.03709006309509277,0.029642411100706458,0.18000000299999996,True,10
811,0.03453397750854492,0.05330353482760606,0.16000000299999997,True,10
812,0.03462505340576172,0.04060242767034502,0.18000000299999996,True,10
813,0.0334930419921875,0.04397732974984298,0.1599999672372135,True,10
814,0.033905744552612305,0.05246348870993511,0.17999996723721348,True,10
815,0.034379005432128906,0.04146169894946158,0.20000000300000015,True,10
816,0.0335080623626709,0.05635019067772329,0.16000000299999997,True,10
817,0.03542494773864746,0.03535740477980327,0.17999998511860585,True,10
818,0.03719496726989746,0.049515778649951284,0.16000000299999997,True,10
819,0.035598039627075195,0.03363847995595386,0.14000000299999993,True,10
820,0.036604881286621094,0.031166389189897482,0.14000000299999993,True,10
821,0.03364920616149902,0.057284906573722025,0.17999998511860585,True,10
822,0.03577899932861328,0.04000870160736396,0.14000000300000012,True,10
823,0.03841710090637207,0.044628059432768465,0.15999998511860497,True,10
824,0.037297964096069336,0.0441724593544988,0.14000000299999993,True,10
825,0.038024187088012695,0.04853211529943137,0.17999998511860496,True,10
826,0.03723597526550293,0.048336520725352126,0.15999998511860586,True,10
827,0.037842750549316406,0.038561871077223905,0.19999998511860495,True,10
828,0.0356290340423584,0.05018077477456188,0.20000000300000015,True,10
829,0.03377103805541992,0.038015157947270256,0.18000000299999996,True,10
830,0.03493309020996094,0.036078057959735656,0.15999998511860586,True,10
831,0.0347139835357666,0.05849167523322831,0.19999996723721347,True,10
832,0.035249948501586914,0.038217856448288554,0.15999998511860586,True,10
833,0.033718109130859375,0.04802928676417566,0.18000000299999996,True,10
834,0.03344416618347168,0.04994841405976912,0.17999998511860585,True,10
835,0.03453493118286133,0.04886587998325334,0.17999998511860585,True,10
836,0.034776926040649414,0.05413328109154557,0.1599999672372135,True,10
837,0.03161811828613281,0.04302847105997888,0.18000000299999996,True,10
838,0.03634166717529297,0.05623812696009878,0.15999998511860586,True,10
839,0.03320813179016113,0.040821512091235974,0.1599999672372135,True,10
840,0.03320908546447754,0.037012077510689675,0.1399999851186058,True,10
841,0.03341197967529297,0.058235404220965944,0.18000000299999996,True,10
842,0.033941030502319336,0.0488085425009998,0.16000003876278188,True,10
843,0.03420591354370117,0.045503807984859486,0.1399999493558172,True,10
844,0.035616159439086914,0.059277618523538744,0.13999996723721345,True,10
845,0.03441500663757324,0.04071166156583045,0.16000000299999997,True,10
846,0.03527092933654785,0.05058879370282705,0.17999994935581723,True,10
847,0.03701186180114746,0.032330412012575464,0.16000000299999997,True,10
848,0.03413105010986328,0.038655427306861,0.18000000299999996,True,10
849,0.033370256423950195,0.03166582837941563,0.18000000299999996,True,10
850,0.037336111068725586,0.02709425804399353,0.16000000299999997,True,10
851,0.03506827354431152,0.05666601864884341,0.17999998511860585,True,10
852,0.03484797477722168,0.035610013466542634,0.14000000299999993,True,10
853,0.03230166435241699,0.04801433743882845,0.14000000299999993,True,10
854,0.033341169357299805,0.04039115682889505,0.15999998511860497,True,10
855,0.03578805923461914,0.04634397469636094,0.12000000299999994,True,10
856,0.03190922737121582,0.05561469062527752,0.19999996723721347,True,10
857,0.0333859920501709,0.03623988003661503,0.15999998511860586,True,10
858,0.03311300277709961,0.04603355715814082,0.18000000299999996,True,10
859,0.03427410125732422,0.03574469998607084,0.16000000299999997,True,10
860,0.034258127212524414,0.03322927839986122,0.16000000299999997,True,10
861,0.03178906440734863,0.06665373207779937,0.16000000299999997,True,10
862,0.038221120834350586,0.05069264672104891,0.16000000299999997,True,10
863,0.037627220153808594,0.04628536571245255,0.11999996723721344,True,10
864,0.03404498100280762,0.055196465492540356,0.1399999851186058,True,10
865,0.03268098831176758,0.04298378824090363,0.12000000299999994,True,10
866,0.03330802917480469,0.05066673195371413,0.15999998511860497,True,10
867,0.03301501274108887,0.036249339341943056,0.1800000029999996,True,10
868,0.03337812423706055,0.05195570128195527,0.18000000299999996,True,10
869,0.03151583671569824,0.03528401892029487,0.20000000299999995,True,10
870,0.03403425216674805,0.034334952626602785,0.16000003876278188,True,10
871,0.0361781120300293,0.06035790241837698,0.18000000299999996,True,10
872,0.035340070724487305,0.053575211029307,0.19999998511860495,True,10
873,0.03461575508117676,0.04527169104316437,0.17999996723721348,True,10
874,0.03849911689758301,0.05759376548215054,0.17999998511860585,True,10
875,0.03730201721191406,0.04416136855746925,0.1600000208813945,True,10
876,0.0362551212310791,0.06897856729471706,0.17999996723721348,True,10
877,0.03325700759887695,0.035670130763491584,0.18000000299999996,True,10
878,0.03749394416809082,0.03960191863020873,0.16000000299999997,True,10
879,0.037688255310058594,0.02805690243858655,0.20000000299999995,True,10
880,0.03890705108642578,0.026392574507002536,0.1599999672372096,True,10
881,0.0373692512512207,0.057099089336913246,0.16000000299999997,True,10
882,0.03739809989929199,0.0464536445377516,0.16000000299999997,True,10
883,0.03539896011352539,0.04558712734525781,0.17999996723721348,True,10
884,0.03754878044128418,0.04696628157371272,0.20000000299999995,True,10
885,0.03633379936218262,0.0400233147471164,0.16000000299999997,True,10
886,0.03623700141906738,0.04698294781132142,0.17999998511860585,True,10
887,0.03772902488708496,0.032397898866549,0.14000000299999993,True,10
888,0.034610748291015625,0.043473040284375895,0.19999998511860584,True,10
889,0.0350799560546875,0.03281564746569029,0.19999996723721347,True,10
890,0.03723478317260742,0.025761913889267178,0.20000000299999995,True,10
891,0.039335012435913086,0.05040540823060472,0.18000000299999996,True,10
892,0.0422358512878418,0.03680001944620441,0.18000000299999996,True,10
893,0.03918600082397461,0.04114547546350383,0.13999996723721345,True,10
894,0.034424781799316406,0.042923874387201987,0.18000000299999996,True,10
895,0.03479909896850586,0.04461343125717364,0.18000000299999996,True,10
896,0.033763885498046875,0.045622271953886635,0.16000000299999997,True,10
897,0.036141157150268555,0.0343752964118107,0.15999998511860586,True,10
898,0.035993099212646484,0.0449781991978696,0.17999996723721348,True,10
899,0.034555912017822266,0.032564088049937295,0.19999998511860495,True,10
900,0.03831768035888672,0.030797917059598622,0.15999998511860586,True,10
901,0.03904294967651367,0.10774680576367654,0.18000003876278187,True,10
902,0.04745817184448242,0.09256985693172518,0.19999996723721347,True,10
903,0.04278707504272461,0.10993466409419919,0.15999998511860586,True,10
904,0.035913944244384766,0.13142542077834157,0.19999996723721347,True,10
905,0.03720808029174805,0.1109979923296295,0.18000000299999996,True,10
906,0.03889799118041992,0.12577993427311832,0.20000000299999995,True,10
907,0.11662793159484863,0.0703649890083787,0.1800000029999996,True,10
908,0.04709506034851074,0.05809857433863218,0.19999998511860495,True,10
909,0.03797292709350586,0.04887677718306273,0.19999996723721347,True,10
910,0.03703022003173828,0.026201541169687335,0.14000000299999957,True,10
911,0.03268098831176758,0.03636996168517807,0.1599999672372135,True,10
912,0.031768083572387695,0.034861552190633104,0.15999998511860497,True,10
913,0.03246331214904785,0.03563727941045424,0.1800000029999996,True,10
914,0.034420013427734375,0.04873750539085521,0.20000000299999995,True,10
915,0.03646421432495117,0.036355904357588426,0.15999998511860586,True,10
916,0.03720235824584961,0.05262319982121845,0.20000000299999995,True,10
917,0.03258013725280762,0.030802126582189414,0.18000000299999996,True,10
918,0.03294706344604492,0.04788699977038831,0.17999998511860496,True,10
919,0.034554243087768555,0.029802120381085605,0.18000000299999996,True,10
920,0.03348183631896973,0.028652887392024384,0.18000000300000038,True,10
921,0.032784223556518555,0.03478102194084126,0.19999998511860584,True,10
922,0.03567194938659668,0.035948761011775986,0.17999998511860496,True,10
923,0.03478670120239258,0.03278814032764857,0.20000000299999995,True,10
924,0.034394264221191406,0.03798893878766813,0.1399999851186058,True,10
925,0.03874397277832031,0.03671509114759648,0.1600000030000004,True,10
926,0.05672311782836914,0.04306147493692113,0.17999998511860585,True,10
927,0.040817975997924805,0.032897778714365326,0.16000000299999997,True,10
928,0.038451194763183594,0.047084184125592954,0.17999998511860496,True,10
929,0.039826154708862305,0.031333274412499855,0.17999996723721348,True,10
930,0.038143157958984375,0.030577556588868286,0.18000000299999996,True,10
931,0.03847312927246094,0.03820845694668706,0.18000000300000016,True,10
932,0.0346989631652832,0.03236938458854148,0.18000000299999996,True,10
933,0.031864166259765625,0.03506644524305798,0.14000000299999993,True,10
934,0.031588077545166016,0.046641042887684045,0.18000000299999996,True,10
935,0.03278803825378418,0.04003302191813481,0.19999996723721347,True,10
936,0.03179812431335449,0.05076876892682367,0.18000000299999996,True,10
937,0.033078908920288086,0.03867642802395861,0.17999998511860585,True,10
938,0.032888174057006836,0.05463352337532899,0.19999996723721347,True,10
939,0.03267097473144531,0.03643011517122789,0.15999998511860586,True,10
940,0.0354001522064209,0.0323544134239673,0.16000000299999997,True,10
941,0.033273935317993164,0.04393739749893826,0.1599999672372135,True,10
942,0.031920671463012695,0.04811502336719609,0.16000000299999997,True,10
943,0.03330588340759277,0.03892347959349248,0.1600000030000004,True,10
944,0.03402304649353027,0.05746712784708412,0.12000000299999994,True,10
945,0.032460927963256836,0.03474932697759261,0.19999998511860584,True,10
946,0.03404402732849121,0.049403242247855875,0.19999998511860584,True,10
947,0.034497737884521484,0.02960650254646094,0.20000000299999995,True,10
948,0.036737680435180664,0.03735723858915061,0.17999996723721348,True,10
949,0.034642934799194336,0.025854752856568696,0.16000000299999997,True,10
950,0.037817955017089844,0.021478380470529294,0.18000000299999996,True,10
951,0.03470301628112793,0.031623141866224856,0.18000000299999996,True,10
952,0.03539919853210449,0.03441709439219174,0.19999996723721347,True,10
953,0.0372769832611084,0.0362162370540969,0.1600000029999996,True,10
954,0.0345158576965332,0.03651872430901417,0.15999998511860586,True,10
955,0.033720970153808594,0.03882214664520831,0.16000000299999997,True,10
956,0.03533291816711426,0.049038242909067636,0.17999998511860496,True,10
957,0.03371095657348633,0.030284143920896532,0.20000000299999995,True,10
958,0.034310102462768555,0.04194461237487586,0.16000000299999997,True,10
959,0.034377098083496094,0.02768318476683093,0.16000000299999997,True,10
960,0.03390383720397949,0.0271155098555034,0.18000000299999996,True,10
961,0.036022186279296875,0.04194190201316968,0.14000000299999993,True,10
962,0.03509974479675293,0.03819441351678303,0.16000000299999997,True,10
963,0.03461909294128418,0.03686453116021385,0.18000000299999996,True,10
964,0.03574681282043457,0.04858080747232753,0.20000000299999995,True,10
965,0.03452920913696289,0.03640203867267831,0.1599999672372135,True,10
966,0.03404808044433594,0.04792396571719589,0.18000000299999996,True,10
967,0.03636598587036133,0.03281344349690657,0.16000000299999997,True,10
968,0.03777599334716797,0.048421880566113434,0.20000000300000015,True,10
969,0.03725004196166992,0.02982716950076981,0.16000000299999997,True,10
970,0.03618597984313965,0.029026867751596186,0.16000000299999997,True,10
971,0.03575015068054199,0.045905999265962075,0.18000000299999996,True,10
972,0.03834891319274902,0.05518291874536733,0.20000000299999995,True,10
973,0.03384685516357422,0.044576081656310065,0.19999996723721347,True,10
974,0.03738689422607422,0.05579379123724282,0.17999996723721348,True,10
975,0.04054713249206543,0.04262869656270359,0.19999996723721347,True,10
976,0.036351919174194336,0.0634033909415884,0.2000000029999996,True,10
977,0.03541207313537598,0.033288686475788073,0.19999998511860584,True,10
978,0.03703880310058594,0.03907907013296836,0.18000000299999996,True,10
979,0.03573918342590332,0.024698232559625326,0.14000000299999993,True,10
980,0.037760019302368164,0.024375127072697483,0.18000000299999996,True,10
981,0.03370189666748047,0.04079573049508185,0.15999998511860586,True,10
982,0.03482222557067871,0.042560598978709514,0.18000000299999996,True,10
983,0.03494882583618164,0.03561212505224237,0.1399999851186058,True,10
984,0.03295421600341797,0.0431961097158117,0.17999998511860585,True,10
985,0.034404754638671875,0.034806315421771115,0.12000000299999994,True,10
986,0.03516197204589844,0.044119251150959486,0.18000000299999996,True,10
987,0.034555912017822266,0.028846767486483398,0.20000000299999995,True,10
988,0.03527998924255371,0.04239735911841682,0.18000000299999996,True,10
989,0.033979177474975586,0.02784300667032279,0.1600000030000004,True,10
990,0.03805375099182129,0.021939867079914934,0.20000002088139449,True,10
991,0.03918790817260742,0.03363775563357281,0.18000000299999996,True,10
992,0.035578250885009766,0.03384167784168221,0.17999996723721348,True,10
993,0.037544965744018555,0.033329100372198175,0.1599999672372135,True,10
994,0.03828716278076172,0.041073171302986385,0.18000000299999996,True,10
995,0.03572988510131836,0.039260635365232936,0.16000000299999997,True,10
996,0.03747987747192383,0.042060702240025075,0.1599999672372135,True,10
997,0.03663992881774902,0.03204278734493158,0.18000000299999996,True,10
998,0.0367581844329834,0.045238556300529344,0.20000000300000015,True,10
999,0.038958072662353516,0.02996081248037551,0.18000000299999996,True,10
1000,0.04052090644836426,0.0279901871354985,0.14000000299999993,True,10
